structure,n,position,operation,avg_time_ns,avg_movements
DynamicArray,100,front,insert,4979880,0,601420
DynamicArray,100,front,remove,5621220,0,600693
LinkedList,100,front,insert,215020,0,0
LinkedList,100,front,remove,101360,0,0
DynamicArray,100,middle,insert,1918640,0,551420
DynamicArray,100,middle,remove,1966360,0,550693
LinkedList,100,middle,insert,312660,0,49000
LinkedList,100,middle,remove,234480,0,49000
DynamicArray,1000,front,insert,3578600,0,1500524
DynamicArray,1000,front,remove,3586240,0,1499500
LinkedList,1000,front,insert,144780,0,0
LinkedList,1000,front,remove,93360,0,0
DynamicArray,1000,middle,insert,2609940,0,1000524
DynamicArray,1000,middle,remove,2614220,0,999500
LinkedList,1000,middle,insert,1683440,0,499000
LinkedList,1000,middle,remove,1696700,0,499000
DynamicArray,10000,front,insert,25676520,0,10499500
DynamicArray,10000,front,remove,25031200,0,10499500
LinkedList,10000,front,insert,39240,0,0
LinkedList,10000,front,remove,25440,0,0
DynamicArray,10000,middle,insert,14584660,0,5499500
DynamicArray,10000,middle,remove,14682940,0,5499500
LinkedList,10000,middle,insert,18101400,0,4999000
LinkedList,10000,middle,remove,17252740,0,4999000
DynamicArray,100000,front,insert,1574981040,0,100499500
DynamicArray,100000,front,remove,1766355880,0,100499500
LinkedList,100000,front,insert,25680,0,0
LinkedList,100000,front,remove,13260,0,0
DynamicArray,100000,middle,insert,731679100,0,50499500
DynamicArray,100000,middle,remove,679223140,0,50499500
LinkedList,100000,middle,insert,199697760,0,49999000
LinkedList,100000,middle,remove,264210160,0,49999000
